number,gps
1,"[40.36043581976105, -74.59656142995496]"
2,"[40.36123456789012, -74.59712345678901]"
3,"[40.36234567890123, -74.59823456789012]"
4,"[40.36345678901234, -74.59934567890123]"
5,"[40.36456789012345, -74.60045678901234]"
6,"[40.36567890123456, -74.60156789012345]"
7,"[40.36678901234567, -74.60267890123456]"
